doc_id,author,work,year
Baccini_Ida-Il_Diamante_Di_Paolino-1898.txt,Baccini_Ida,Il_Diamante_Di_Paolino,1898
Bandi_Giuseppe-Da-Custoza-In-Croazia-Memorie-D-Un-Prigioniero-1866.txt,Bandi_Giuseppe,Da_Custoza_In_Croazia_Memorie_D_Un_Prigioniero,1866
Baratono_Pierangelo-Bob_E_Il_Suo_Metodo-1914.txt,Baratono_Pierangelo,Bob_E_Il_Suo_Metodo,1914
Barbieri_Ulisse-In_Basso-1885.txt,Barbieri_Ulisse,In_Basso,1885
Baricelli_Carmela-I_Vinti_Ovvero_Il_Genio_Oppresso-1907.txt,Baricelli_Carmela,I_Vinti_Ovvero_Il_Genio_Oppresso,1907
Barrili_Anton_Giulio-Raggio_Di_Dio-1899.txt,Barrili_Anton_Giulio,Raggio_Di_Dio,1899
Bersezio_Vittorio-La_Testa_Della_Vipera-1896.txt,Bersezio_Vittorio,La_Testa_Della_Vipera,1896
Bini_Carlo-Manoscritto_Di_Un_Prigioniero-1833.txt,Bini_Carlo,Manoscritto_Di_Un_Prigioniero,1833
Butti_Enrico_Annibale-L_incantesimo-1897.txt,Butti_Enrico_Annibale,L_incantesimo,1897
Caccianiga_Antonio-Il_Bacio_Della_Contessa_Savina-1888.txt,Caccianiga_Antonio,Il_Bacio_Della_Contessa_Savina,1888
Cagna_Achille_Giovanni-Un_Bel_Sogno-1871.txt,Cagna_Achille_Giovanni,Un_Bel_Sogno,1871
Campanile_Achille-Giovinotti_non_esageriamo-1929.txt,Campanile_Achille,Giovinotti_non_esageriamo,1929
Campiglio_Giovanni-Uberto_Visconti-1831.txt,Campiglio_Giovanni,Uberto_Visconti,1831
Cantoni_Alberto-L'Illustrissimo-1906.txt,Cantoni_Alberto,L'Illustrissimo,1906
Capuana_Luigi-Il_Marchese_Di_Roccaverdina-1901.txt,Capuana_Luigi,Il_Marchese_Di_Roccaverdina,1901
Caracciolo_Enrichetta-Misteri_Del_Chiostro_Napoletano-1864.txt,Caracciolo_Enrichetta,Misteri_Del_Chiostro_Napoletano,1864
Carcano_Giulio-Damiano-1850.txt,Carcano_Giulio,Damiano,1850
Castelnuovo_Enrico-Il_Fallo_Di_Una_Donna_Onesta-1897.txt,Castelnuovo_Enrico,Il_Fallo_Di_Una_Donna_Onesta,1897
Chelli_Gaetano_Carlo-Fabia-1876.txt,Chelli_Gaetano_Carlo,Fabia,1876
Collodi_Carlo-Macchiette-1880.txt,Collodi_Carlo,Macchiette,1880
Dandolo_Milly-Il_figlio_del_mio_dolore-1921.txt,Dandolo_Milly,Il_figlio_del_mio_dolore,1921
Dasti_Luigi-La_Capanna_Del_Vaccaro_Vol1-1846.txt,Dasti_Luigi,La_Capanna_Del_Vaccaro_Vol1,1846
De_Amicis_Edmondo-Cuore-1886.txt,De_Amicis_Edmondo,Cuore,1886
De_Boni-Filippo_L-Inquisizione-E-I-Calabro-Valdesi_1859.txt,De_Boni_Filippo,L_Inquisizione_E_I_Calabro_Valdesi,1859
De_Marchi_Emilio-Arabella-1893.txt,De_Marchi_Emilio,Arabella,1893
De_Roberto_Federico-L'Imperio-1929.txt,De_Roberto_Federico,L'Imperio,1929
Deledda_Grazia-Stella_d_oriente-1890.txt,Deledda_Grazia,Stella_d_oriente,1890
Emiliani_Giudici_Paolo-Beppe_Arpia-1851.txt,Emiliani_Giudici_Paolo,Beppe_Arpia,1851
Lombroso_Zefora_Gina_Elena-Profili_e_paesaggi_della_sardegna-1869.txt,Lombroso_Zefora_Gina_Elena,Profili_e_paesaggi_della_sardegna,1869
Negri_Ada-Le_Solitarie-1917.txt,Negri_Ada,Le_Solitarie,1917
Nievo-Ippolito_Il-Barone-Di-Nicastro_1860.txt,Nievo_Ippolito,Il_Barone_Di_Nicastro,1860
Rovetta-Gerolamo_Ninnoli_1882.txt,Rovetta_Gerolamo,Ninnoli,1882
Saluzzo_Roero_Diodata-Novelle-1830.txt,Saluzzo_Roero_Diodata,Novelle,1830
Tenca_Carlo-La_Ca_Dei_Cani-1840.txt,Tenca_Carlo,La_Ca_Dei_Cani,1840
Viola_Ferretti_Emilia-A_quarantacinque_anni-1874.txt,Viola_Ferretti_Emilia,A_quarantacinque_anni,1874
